X,X,X,M,X,X,X,X,X,M,M,M,X,X,X,X,X,X,X,X,M,X,X,X,X,M,X,X,X,X,X,X,M,X,X,X,M,M,M,X,X,M
Z,A,Z,X,Z,Z,Z,X,X,Z,X,L,A,A,Z,F,T,A,A,A,E,A,A,E,A,A,F,E,A,E,E,E,A,E,A,E,E,E,E,A,A,A
Z,E,Z,Z,L,E,E,E,E,E,E,Z,E,E,E,E,E,E,E,X,E,E,E,E,E,Z,E,E,F,E,E,E,E,E,E,E,E,E,E,E,E,E
I,I,I,I,I,I,I,I,I,I,I,I,I,I,I,I,I,I,I,I,I,I,I,I,I,Y,I,I,I,I,I,I,I,I,I,I,Y,I,I,I,I,I
X,X,X,X,M,X,X,X,X,Z,X,X,X,X,X,X,X,X,X,X,X,M,X,X,X,M,X,X,M,X,M,X,M,X,X,M,X,X,X,M,M,X
Z,Y,Z,X,Z,X,X,Z,X,X,X,X,Y,Z,X,X,X,Y,Y,Y,Y,Y,Y,Y,Y,Y,Y,X,Y,Y,Y,Y,X,Y,Y,Y,X,X,Y,X,Y,Y
V,V,V,V,V,V,V,V,V,V,V,V,V,V,V,V,V,V,V,V,V,V,V,V,V,V,V,V,V,V,V,V,V,V,V,V,V,V,V,V,V,V
N,N,N,N,N,N,N,N,N,N,N,N,N,N,N,N,N,N,N,N,N,N,N,N,N,N,N,N,N,N,N,N,N,N,N,N,N,N,N,N,N,L
X,X,X,X,X,X,X,X,X,X,X,X,X,X,X,X,X,X,X,X,X,X,X,X,X,X,X,X,X,X,X,X,X,X,X,X,X,X,X,X,X,X
H,H,H,H,H,H,H,H,H,H,H,H,H,H,H,H,H,H,H,H,H,H,H,H,H,H,H,H,H,H,H,H,H,H,H,H,H,H,H,H,H,H
M,M,M,M,M,M,M,M,M,X,M,M,M,M,M,M,X,M,M,Y,M,M,M,M,M,M,M,M,M,M,M,M,M,M,M,M,M,M,M,M,M,M
I,I,I,I,I,I,I,I,I,I,I,I,I,I,I,I,I,I,I,I,I,I,I,I,I,I,I,I,I,I,I,I,I,I,I,I,I,I,I,I,I,I
V,V,V,V,V,V,V,V,V,V,V,V,V,V,V,V,V,V,V,V,V,V,V,V,V,V,V,V,V,V,V,V,V,V,V,V,V,V,V,V,V,V
F,H,F,F,E,F,E,F,E,E,E,E,E,E,F,F,H,M,H,M,E,H,H,M,H,W,V,H,H,H,H,H,X,H,H,H,M,H,H,H,H,H
M,M,M,M,X,M,M,M,M,M,M,M,M,X,M,M,M,M,M,M,X,M,M,M,M,M,M,M,X,M,M,M,M,M,X,X,X,X,X,X,X,M
X,X,X,X,X,X,X,X,X,X,X,X,X,X,X,X,M,X,X,X,Z,X,M,M,M,X,X,X,X,X,M,M,X,X,X,X,X,M,X,X,X,M
A,A,A,A,A,A,A,A,A,A,A,A,A,A,A,A,A,A,A,A,A,A,A,A,A,A,A,A,A,A,A,A,A,A,A,A,A,A,A,A,A,A
A,A,A,A,A,A,A,A,A,A,A,A,A,A,A,A,A,A,A,A,A,A,A,A,A,A,A,A,A,A,A,A,A,A,A,A,A,A,A,A,A,A
N,N,N,N,N,E,N,N,N,N,N,N,N,N,N,N,N,N,N,N,N,N,N,N,N,N,N,N,N,N,N,N,N,N,N,N,N,N,N,N,N,N
K,K,K,K,K,K,K,K,K,K,K,K,K,K,K,K,K,K,K,K,K,K,K,K,K,K,K,K,K,K,K,K,K,K,K,K,K,K,K,K,K,K
T,T,T,T,T,T,T,T,T,T,T,T,T,T,T,T,T,T,T,T,T,T,T,T,T,T,T,T,T,T,T,T,T,T,T,T,T,T,T,T,T,T
K,K,K,K,K,K,K,K,K,K,K,K,K,K,K,K,K,K,K,K,K,K,K,K,K,K,K,K,K,K,K,K,K,K,K,K,K,K,K,K,K,K
I,I,I,I,I,I,I,T,I,I,I,I,I,I,I,I,I,I,I,I,I,I,I,I,I,I,I,I,I,I,I,I,I,I,I,I,I,I,I,I,I,I
E,F,F,E,E,F,E,F,F,F,E,F,E,H,E,E,E,F,F,E,E,E,F,E,E,F,F,E,H,H,F,E,E,F,H,F,F,E,E,F,F,F
Y,Y,Y,Y,Y,Y,Y,Y,Y,I,Y,Y,Y,Y,Y,Y,X,Y,Y,Y,Y,Y,V,W,Y,Y,X,H,Y,Z,N,H,V,Z,H,H,Z,A,H,H,A,Y
V,V,V,V,V,V,V,V,V,V,V,V,V,V,V,V,V,V,V,V,V,V,V,V,V,V,V,V,V,V,V,V,V,V,V,V,V,V,V,V,V,V
X,W,W,W,W,W,W,W,W,W,W,W,W,W,W,W,W,W,W,W,W,W,W,W,W,W,W,W,W,W,W,W,W,W,X,W,X,W,X,W,W,W
Z,Z,Z,Z,Z,Z,Z,Z,Z,Z,Z,Z,Z,Z,Z,Z,Z,Z,Z,Z,Z,Z,Z,Z,Z,Z,Z,Z,Z,Z,Z,Z,Z,Z,Z,Z,Z,Z,Z,Z,Z,Z
E,E,E,E,E,E,E,F,F,E,E,E,E,E,E,E,E,E,E,E,E,E,H,E,E,E,E,E,E,E,E,E,E,E,E,E,E,E,E,E,E,E
L,L,L,L,L,L,L,L,L,E,L,L,L,L,L,L,L,L,L,L,L,L,L,L,L,L,L,L,L,L,L,L,L,L,L,L,L,L,L,L,L,L
Y,Y,Y,Y,Y,Y,Y,Y,Y,Y,Y,Y,Y,Y,Y,Y,Y,Y,Y,Y,Y,Y,Y,Y,Y,Y,Y,Y,Y,Y,Y,Y,Y,Y,Y,Y,Y,Y,Y,Y,Y,Y
F,E,F,F,E,E,E,F,E,F,F,F,F,F,F,E,F,F,F,E,E,E,E,F,F,E,F,E,E,E,E,E,F,F,E,E,E,E,E,E,E,F
I,V,Y,I,I,T,Y,T,I,T,I,I,I,I,V,V,V,V,V,V,V,V,V,I,V,V,V,V,V,V,V,V,V,V,V,V,V,V,V,V,I,V
K,K,K,K,K,K,K,K,K,K,K,K,K,K,K,K,K,K,K,K,K,K,K,K,K,K,K,K,K,K,K,K,K,K,K,K,K,K,K,K,K,K
T,T,T,T,T,T,T,T,T,T,T,T,T,T,T,T,T,T,T,T,T,T,T,T,T,T,T,T,T,T,T,T,T,I,T,T,T,T,T,T,T,T
I,I,I,I,I,I,I,I,I,I,I,I,I,I,I,I,I,I,I,I,I,I,I,I,I,I,I,I,I,I,I,I,I,I,I,I,T,I,I,I,I,I
L,L,L,L,L,L,L,L,L,L,L,E,L,L,L,L,L,L,L,L,L,L,L,L,L,L,L,L,L,L,L,L,L,L,L,L,L,L,L,L,L,L
N,W,M,N,M,W,W,W,W,W,W,W,W,W,W,W,W,W,W,W,W,W,W,W,W,W,W,W,W,W,W,X,W,W,W,W,W,W,W,W,X,X
N,N,N,N,N,N,N,N,N,N,N,N,N,N,N,N,N,N,N,N,N,N,N,N,N,N,N,N,N,N,N,N,N,N,N,N,N,N,N,N,N,N
L,L,L,L,L,L,L,E,L,L,L,L,L,L,L,L,L,L,L,L,L,L,L,L,L,L,L,L,L,L,L,L,L,L,L,L,L,L,L,L,L,L
A,A,A,A,A,A,A,A,A,A,A,A,A,A,A,A,A,A,A,A,A,A,A,A,A,A,A,A,A,A,A,A,A,A,A,A,A,A,A,A,A,A
W,W,W,W,W,W,W,W,W,W,W,W,W,W,W,W,W,W,W,W,W,W,W,W,W,W,W,W,W,W,W,W,W,W,W,W,W,W,W,W,W,W
Z,Z,Z,Z,Z,Z,Z,Z,Z,Z,Z,Z,Z,Z,Z,Z,Z,Z,Z,Z,Z,Z,Z,Z,Z,Z,Z,Z,Z,Z,Z,Z,Z,Z,Z,Z,Z,Z,Z,Z,Z,Z
Z,Z,Z,Z,Z,Z,Z,Z,Z,Z,Z,Z,Z,Z,Z,Z,Z,Z,Z,Z,Z,Z,Z,Z,Z,Z,Z,Z,Z,Z,Z,Z,Z,Z,Z,Z,Y,Z,Z,Z,Z,Z
X,X,X,M,M,M,X,X,M,M,X,X,X,X,X,M,M,X,X,M,X,X,X,X,X,X,X,X,X,M,X,X,M,X,M,X,M,M,X,X,X,X
K,K,K,F,K,K,K,K,K,W,K,E,H,H,E,K,K,K,E,E,K,K,K,K,K,K,K,K,E,K,K,K,K,K,K,E,K,K,K,K,K,K
W,N,W,W,W,W,W,W,W,W,W,W,W,W,W,N,N,N,N,N,N,N,N,N,N,N,N,N,N,N,N,N,N,N,N,N,N,N,N,N,N,N
A,A,A,A,A,A,A,A,A,A,A,A,A,A,A,A,H,A,H,H,F,A,H,N,A,H,W,H,A,A,A,A,A,A,H,H,A,H,H,H,H,H
L,L,L,L,L,L,L,L,L,L,L,L,L,L,L,L,L,L,L,L,L,L,L,L,L,L,L,L,L,L,L,L,L,L,L,L,E,L,L,L,L,L
Y,Y,Y,Y,Y,Y,Y,Y,Y,Y,Y,Y,Y,Y,Y,Y,Y,Y,Y,Y,Y,Y,Y,Y,Y,Y,Y,Y,Y,Y,Y,Y,Y,Y,Y,Y,Y,Y,Y,Y,Y,Y
E,F,E,E,F,F,F,E,E,F,F,F,F,F,E,F,E,F,F,F,F,E,F,F,E,E,E,F,F,F,E,E,E,E,F,F,F,F,E,E,E,F
E,E,E,E,F,F,F,E,E,F,E,E,E,F,F,E,E,E,F,F,F,F,F,E,F,F,F,F,E,E,E,F,F,E,E,E,F,E,F,F,E,E
L,L,L,L,L,L,L,L,L,L,L,L,L,L,L,L,L,E,L,L,L,L,L,L,L,L,L,L,L,L,L,L,L,L,L,E,L,L,L,L,L,L
Z,Z,Z,Z,Z,Z,Z,Z,Z,Z,Z,Z,Z,Z,Z,Z,Z,Z,Z,Z,Z,Z,Z,Z,Z,Z,Z,Z,Z,Z,Z,Z,Z,Z,Z,Z,Z,Z,Z,Z,Z,Z
L,L,L,L,L,L,L,L,L,L,L,L,L,L,L,L,L,L,L,L,L,L,L,L,L,L,L,L,L,L,L,L,L,L,L,L,L,L,L,L,L,L
T,T,T,T,T,T,T,T,T,T,T,T,T,T,T,T,T,T,T,T,T,T,T,T,T,H,T,T,T,H,A,H,H,H,A,Y,A,H,H,X,H,H
X,X,X,X,X,X,X,X,X,X,M,M,X,X,X,X,M,X,X,M,M,X,M,M,M,X,X,X,Z,X,M,M,X,X,M,X,X,X,X,X,X,M
Y,Y,Y,Y,Y,Y,Y,Y,Y,Y,Y,Y,Y,Y,Y,Y,Y,Y,Y,Y,Y,Y,Y,Y,Y,Y,Y,Y,Y,Y,Y,Y,Y,Y,Y,Y,Y,Y,Y,Y,Y,Y
L,L,L,L,L,L,L,L,L,L,L,L,L,L,L,L,L,L,L,L,L,L,L,E,L,L,L,L,L,L,L,L,L,L,L,L,L,L,L,L,L,L
Z,Z,Z,Z,Z,Z,Z,Z,Z,Z,Z,Z,Z,Z,Z,Z,Z,Z,Z,Z,Z,Z,Z,Z,Z,Z,Z,Z,Z,Z,Z,Z,Z,Z,Z,Z,Z,Z,Z,Z,Z,Z
H,H,H,H,H,H,H,H,H,H,H,H,H,H,H,H,H,H,H,H,H,H,H,H,H,H,H,H,H,H,H,F,H,H,H,H,H,H,H,H,H,H
W,N,W,W,W,W,W,W,W,W,W,W,W,W,W,W,W,W,W,W,N,N,W,N,N,N,N,N,N,N,N,N,N,N,N,N,N,N,N,N,N,N
I,I,I,I,I,I,I,I,I,I,I,I,I,I,I,I,I,I,I,I,I,I,I,I,I,I,I,I,I,I,I,I,I,I,I,I,I,I,I,I,I,I
F,F,F,F,E,F,F,F,F,E,F,E,F,F,F,F,F,F,F,F,F,F,F,E,F,F,E,F,F,F,F,F,F,E,E,F,F,F,F,F,F,F
Y,Y,Y,Y,Y,Y,Y,Y,Y,Y,Y,Y,Y,Y,Y,Y,Y,Y,Y,Y,Y,Y,Y,Y,Y,Y,Y,Y,Y,Y,Y,Y,Y,Y,Y,Y,Y,Y,Y,Y,Y,Y
W,W,W,W,W,W,W,W,W,W,W,W,W,W,W,W,W,W,W,W,W,W,W,W,W,W,W,W,W,W,W,W,W,W,W,W,W,W,W,W,W,N
L,L,L,E,L,L,L,L,L,L,L,L,L,L,L,L,L,L,L,L,L,L,L,L,L,L,L,L,L,L,L,L,L,L,L,L,L,L,L,L,L,L
W,W,W,W,W,W,W,W,W,N,N,N,W,Y,W,M,W,A,X,X,W,W,X,W,A,X,X,X,X,F,X,W,H,X,X,X,X,X,E,A,A,A
A,A,A,A,A,A,A,A,A,A,A,A,A,A,A,A,A,A,A,A,A,A,A,A,A,A,A,A,A,A,A,A,A,A,A,A,A,A,A,A,A,A
M,X,X,X,X,X,X,X,X,M,X,X,X,X,M,X,X,M,X,X,X,M,M,X,X,X,X,X,X,X,X,X,X,M,X,M,X,M,X,M,M,M
Z,Z,Z,Z,Z,Z,Z,Z,Z,Z,Z,Z,Z,Z,Z,Z,Z,Z,Z,Z,Z,Z,Z,Z,Z,Z,Z,Z,Z,Z,Z,Z,Z,Z,Z,Z,Z,Z,Z,Z,Z,Z
K,K,K,K,K,K,K,K,K,K,K,K,K,K,K,K,K,K,K,K,K,K,K,K,K,K,K,K,K,K,K,K,K,K,K,K,K,K,K,K,K,K
Z,Z,Z,Z,Z,Z,Z,Z,Z,Z,Z,Z,Z,Z,Z,Z,Z,Z,Z,Z,Z,Z,Z,Z,Z,Z,Z,Z,Z,Z,Z,Z,Z,Z,Z,Z,Z,Z,Z,Z,Z,Z
Y,Y,Y,Y,Y,Y,Y,Y,Y,Y,Y,Y,Y,Y,Y,Y,Y,Y,Y,Y,Y,Y,Y,Y,Y,Y,Y,Y,Y,Y,Y,Y,Y,Y,Y,Y,Y,Y,Y,Y,Y,Y
T,T,T,T,T,T,T,T,T,T,T,T,T,T,T,T,T,T,T,T,T,T,T,T,T,Y,Y,H,H,H,Y,H,H,H,H,H,H,H,H,H,H,T
F,F,F,F,F,F,F,F,F,F,F,F,F,F,F,F,F,F,F,F,F,F,F,F,F,F,F,F,F,F,F,F,F,F,F,F,F,F,F,F,F,F
L,L,N,L,L,L,L,L,L,L,L,L,L,L,L,L,L,L,L,L,L,L,L,L,L,L,L,L,L,L,L,L,N,L,N,L,L,L,L,L,L,L
M,M,X,M,M,M,X,M,M,M,M,M,M,M,M,M,M,M,M,M,M,M,M,X,X,X,X,M,M,M,M,M,M,M,M,M,M,M,M,M,M,M
Z,Z,Z,Z,Z,Z,Z,Z,Z,Z,Z,Z,Z,Z,Z,Z,Z,Z,Z,Z,Z,Z,Z,Z,Z,Z,Z,Z,Z,Z,Z,Z,Z,Z,Z,Z,Z,Z,Z,Z,Z,Z
A,A,A,A,A,A,A,A,A,A,A,A,A,A,A,A,A,A,A,A,A,A,A,A,A,A,A,A,A,A,A,A,A,A,A,A,A,A,A,A,A,A
L,L,L,L,L,L,L,L,L,L,L,L,L,L,L,E,L,L,L,L,L,L,L,L,L,L,L,L,L,L,L,L,L,L,L,L,L,L,L,L,L,L
H,F,H,H,H,F,H,E,E,E,F,F,F,F,F,F,F,F,F,E,E,E,F,F,E,E,E,E,F,F,E,F,F,F,F,F,F,E,E,F,F,F
E,F,F,E,F,F,E,F,E,E,H,F,H,F,E,F,E,E,F,E,F,H,E,F,F,F,E,E,F,E,H,F,F,E,F,E,F,E,H,F,E,E
W,N,W,W,W,W,W,N,N,N,N,N,N,V,N,L,N,H,W,N,N,W,N,N,N,Y,I,L,N,V,W,V,V,M,V,V,V,N,V,V,V,V
L,L,L,L,L,L,L,L,L,L,L,L,L,L,L,L,L,L,L,L,E,L,L,L,L,L,L,L,L,L,L,L,L,L,L,L,L,L,L,L,L,E
X,X,X,X,X,X,X,X,X,X,M,X,X,X,X,X,X,X,X,M,X,X,X,X,M,X,X,X,X,X,X,X,X,X,X,X,X,X,X,X,X,X
H,H,H,H,H,H,H,H,H,H,H,H,H,H,H,H,H,H,H,H,H,H,H,H,H,H,H,H,H,H,H,H,H,H,H,H,H,H,H,H,H,H
K,K,K,K,K,K,K,K,K,K,K,K,F,K,K,K,K,K,K,K,K,K,K,K,F,K,F,K,K,K,K,K,K,K,F,K,K,K,K,K,K,K
T,T,T,T,T,T,T,T,T,T,T,T,T,T,T,T,T,T,T,T,T,T,T,T,T,T,T,T,T,T,T,T,T,I,T,T,T,T,T,T,T,T
H,H,H,H,H,H,H,H,H,H,H,H,H,H,H,H,H,H,H,H,N,N,K,F,K,K,K,K,K,E,A,K,H,A,F,K,A,E,E,E,A,A
F,F,E,F,F,F,F,F,F,F,E,F,F,F,F,F,F,F,F,F,F,F,F,F,F,F,F,F,F,F,F,F,F,F,F,F,E,F,F,F,F,F
W,W,W,W,W,W,W,W,W,W,W,W,W,W,W,W,W,W,W,W,W,W,W,W,W,W,W,W,W,W,W,W,W,W,W,W,W,W,W,W,W,W
W,W,W,W,W,W,W,W,W,W,W,W,W,W,W,W,W,W,W,W,W,W,W,W,W,W,W,W,W,W,W,W,W,W,W,W,W,W,W,W,W,W
Z,Z,Z,Z,Z,Z,Z,Z,Z,Z,Z,Z,Z,Z,Z,Z,Z,Z,Z,Z,Z,Z,Z,Z,Z,Z,Z,Z,Z,Z,Z,Z,Z,Z,Z,Z,Z,Z,Z,Z,Z,Z
X,X,X,X,X,M,M,X,M,X,X,X,M,X,Z,X,X,X,M,X,X,X,X,X,X,X,X,X,X,X,X,X,M,X,X,X,M,X,Z,X,X,M
Y,Y,Y,Y,Y,Y,Y,Y,Y,Y,Y,Y,Y,Y,M,M,Y,Y,M,M,Y,M,M,Y,Y,Y,Y,Y,M,Y,M,Y,M,Y,M,M,Y,M,M,Y,Y,Y
V,V,V,V,V,V,V,V,V,V,V,V,V,V,V,V,V,V,V,V,V,V,V,V,V,V,V,V,V,V,V,V,V,V,V,V,V,V,V,V,V,V
Y,Y,Y,Y,Y,Y,Y,Y,Y,Y,Y,Y,Y,Y,Y,Y,Y,Y,Y,Y,Y,Y,Y,Y,Y,Y,Y,Y,Y,Y,Y,Y,Y,Y,Y,Y,Y,Y,Y,Y,Y,Y
K,K,F,K,K,K,K,K,K,K,K,K,K,N,K,K,K,K,K,K,K,K,K,K,K,K,F,K,K,K,K,K,K,K,K,K,K,K,K,K,K,K
W,W,W,W,W,W,W,W,W,W,W,W,W,W,W,W,W,W,W,W,W,W,W,W,W,W,W,W,W,W,W,W,W,W,W,W,W,W,W,W,W,W
L,L,L,L,L,L,L,L,L,L,L,L,L,L,L,L,L,L,L,L,L,L,L,L,L,L,L,L,L,L,L,L,L,L,L,E,L,L,L,L,L,L
M,M,M,M,M,M,M,M,M,M,Y,M,M,M,X,M,M,M,N,M,M,X,X,M,X,M,M,M,X,X,M,X,X,X,M,M,M,N,M,M,M,X
H,H,H,H,H,H,H,H,H,H,H,H,H,H,H,H,H,H,H,H,H,H,H,H,H,H,H,H,H,H,H,H,H,H,H,H,H,H,H,H,H,H
A,A,A,A,A,A,A,A,A,A,A,A,A,A,A,A,A,A,A,A,A,A,A,A,A,A,A,A,A,A,A,A,A,A,A,A,A,A,A,A,A,A
L,L,L,L,L,L,L,L,L,L,L,L,L,L,L,L,L,L,L,L,L,E,L,L,L,L,L,L,L,L,L,L,L,L,L,L,L,L,L,L,L,L
M,X,X,X,X,X,X,X,X,X,X,X,X,X,X,X,X,M,X,X,M,X,M,X,X,X,X,X,X,X,X,X,X,X,M,X,X,X,M,X,M,M
T,T,T,T,T,T,T,T,T,T,T,T,T,T,T,T,T,T,T,T,T,T,T,T,T,T,T,T,I,T,T,T,T,T,T,T,T,T,T,T,T,T
A,A,A,A,A,A,A,A,A,A,A,A,A,A,A,A,A,A,A,A,A,A,A,A,A,A,A,A,A,A,A,A,A,A,A,A,A,A,A,A,A,A
V,X,V,V,V,X,Y,X,Y,Y,X,X,M,X,X,X,Y,X,Y,X,X,X,X,X,X,X,X,X,X,X,X,Y,X,X,Y,X,X,X,X,X,M,X
X,X,X,M,M,M,X,X,M,X,X,X,M,X,M,X,X,X,X,X,X,X,M,X,M,M,X,M,X,M,X,X,M,M,M,M,M,M,X,X,X,M
W,W,W,W,W,W,W,W,W,W,W,W,W,W,W,W,W,W,W,W,W,W,W,W,W,W,W,W,W,W,W,W,W,W,W,W,W,W,W,W,W,W
I,I,I,I,I,I,I,I,I,I,I,I,I,I,I,I,I,I,I,I,I,I,I,I,I,I,I,I,I,I,I,I,I,I,I,I,I,I,I,I,I,I
Y,Y,Y,Y,Y,Y,Y,Y,Y,Y,Y,Y,Y,Y,Y,Y,Y,Y,Y,Y,Y,Y,Y,Y,Y,Y,Y,Y,Y,Y,Y,Y,Y,Y,Y,Y,Y,Y,Y,Y,Y,Y
H,H,H,H,H,H,H,H,H,H,E,H,H,F,H,H,H,H,H,E,H,E,H,E,F,H,H,F,H,H,A,A,A,H,F,H,A,K,E,A,H,E
Y,Y,Y,Y,Y,Y,Y,Y,Y,Y,Y,Y,Y,Y,Y,Y,Y,Y,Y,Y,Y,Y,Y,Y,Y,Y,Y,Y,Y,Y,Y,Y,Y,Y,Y,Y,Y,Y,Y,Y,Y,Y
Z,Z,Z,Z,Z,Z,Z,Z,Z,Z,Z,Z,Z,Z,Z,Z,Z,Z,Z,Z,Z,Z,Z,Z,Z,Z,Z,Z,Z,Z,Z,Z,Z,Z,Z,Z,Z,Z,Z,Z,Z,Z
M,M,M,M,M,M,M,M,M,M,M,M,M,M,M,M,M,M,M,M,M,M,M,M,M,M,M,M,M,M,M,M,M,M,M,M,M,M,M,M,M,M
A,A,A,A,A,A,A,A,A,A,A,A,A,A,A,A,A,A,A,A,A,A,A,A,A,A,A,A,A,A,A,A,A,A,A,A,A,A,A,A,A,A
Y,Y,Y,Y,Y,Y,Y,Y,Y,Y,Y,Y,Y,Y,Y,Y,Y,Y,Y,Y,Y,Y,Y,Y,Y,Y,Y,Y,Y,Y,Y,Y,Y,Y,Y,Y,Y,Y,Y,Y,Y,Y
M,M,M,M,M,M,M,M,M,M,M,M,M,M,M,M,M,M,M,M,M,M,M,M,M,M,M,M,M,M,M,M,M,M,M,M,M,M,M,M,M,M
V,V,V,V,V,V,V,V,V,V,V,V,V,V,V,V,V,V,V,V,V,V,V,V,V,V,V,V,V,V,V,V,V,V,V,V,V,V,V,V,V,V
V,V,V,V,V,V,V,V,V,V,V,V,V,V,V,V,V,V,V,V,V,V,V,V,V,V,V,V,V,V,V,V,V,V,V,V,V,V,V,V,V,V
K,K,K,K,K,K,K,K,K,F,K,K,K,K,K,K,K,K,F,K,K,K,K,K,K,K,K,K,K,K,K,F,K,K,F,K,K,F,K,E,K,K
M,X,X,X,X,X,X,X,M,X,X,M,M,X,M,M,M,M,M,X,X,M,X,X,X,X,X,M,M,X,X,M,X,M,M,X,X,X,X,X,M,X
H,H,H,H,H,H,H,H,H,H,H,H,H,E,H,H,E,E,E,E,A,F,E,E,E,E,E,E,A,A,A,K,A,A,A,A,A,A,A,W,A,W
V,V,V,V,V,V,V,V,V,V,V,V,V,V,V,V,V,V,V,V,V,V,V,V,V,V,V,V,V,V,V,V,V,V,V,V,V,V,V,V,V,V
I,I,I,Y,I,Y,T,I,T,I,I,T,I,W,L,Z,L,I,W,I,W,I,E,L,H,H,L,L,I,I,N,L,N,V,L,N,L,N,L,V,N,L
W,W,W,W,W,W,W,W,W,W,W,W,W,W,W,W,W,W,W,W,W,W,W,W,W,W,W,W,W,W,W,W,W,W,W,W,W,W,W,W,W,W
Z,Z,Z,Z,Z,Z,Z,Z,Z,Z,Z,Z,Z,Z,Z,Z,Z,Z,Z,Z,Z,Z,Z,Z,Z,Z,Z,Z,Z,Z,Z,Z,Z,Z,Z,Z,Z,Z,Z,Z,Z,Z
X,X,M,M,X,X,X,X,Z,X,X,X,X,X,X,X,M,X,X,X,M,X,M,M,X,X,X,X,X,X,M,X,M,X,X,X,X,X,X,X,X,M
Z,E,Z,Z,E,E,E,E,E,E,E,M,E,E,E,E,F,E,E,E,E,E,E,E,E,E,E,E,E,E,E,E,E,E,E,E,E,E,E,E,E,E
K,F,K,N,F,K,F,K,W,K,K,N,F,K,F,N,H,W,H,K,L,F,F,F,H,F,F,F,W,F,F,W,F,N,F,F,F,F,F,F,F,F
N,N,N,N,N,N,N,N,N,N,N,N,N,N,N,E,M,E,E,N,N,E,N,E,W,W,M,W,N,M,W,W,W,W,M,W,W,W,W,W,W,W
K,K,K,K,K,K,K,F,K,K,K,K,K,K,K,K,K,K,K,K,K,K,K,K,K,K,K,K,K,K,K,K,K,K,K,K,K,K,F,K,K,K
F,F,F,F,E,E,F,F,F,F,E,E,F,F,E,E,E,F,E,F,E,E,F,F,F,F,E,E,E,F,F,F,F,E,E,F,F,F,E,F,E,F
H,H,H,H,H,H,H,H,H,H,H,H,H,H,H,H,H,H,H,H,H,H,H,H,H,H,H,H,H,H,H,H,H,H,H,H,H,H,H,H,H,F
E,E,F,E,F,E,E,E,F,E,F,F,F,F,E,F,F,E,F,E,E,F,F,E,F,E,E,E,E,E,E,F,E,F,E,F,E,E,F,E,F,E
N,W,N,W,N,W,W,W,W,W,W,W,W,W,W,W,N,W,W,W,W,W,W,W,N,W,W,W,W,W,N,H,W,W,W,W,W,W,W,W,W,W
F,F,E,F,E,E,F,F,E,F,F,F,F,E,F,F,F,F,E,F,E,E,F,F,F,F,E,F,E,F,F,F,F,F,E,F,E,F,F,E,F,E
Y,Y,Y,Y,Y,Y,Y,Y,Y,Y,Y,Y,Y,Y,Y,Y,Y,Y,Y,Y,Y,Y,Y,Y,Y,Y,Y,Y,Y,Y,Y,Y,Y,Y,Y,Z,Y,Y,X,X,Y,Y
T,T,T,T,T,T,T,T,T,T,T,T,T,T,T,T,T,T,T,T,T,T,T,T,T,T,T,T,T,T,T,T,T,T,T,I,T,T,T,T,T,T
X,X,X,X,X,X,X,X,X,X,X,X,X,X,Z,X,X,X,X,X,X,X,X,X,Y,M,M,X,X,Z,Y,Z,Y,N,A,H,A,W,H,F,H,H
L,L,L,L,L,L,L,L,L,L,E,L,L,L,L,L,L,L,L,L,L,L,L,L,L,L,L,L,L,L,L,L,L,L,L,L,L,L,L,L,L,L
W,W,W,W,W,W,W,W,W,W,W,W,W,W,W,W,W,W,W,W,W,W,W,W,W,W,W,W,W,W,W,W,W,W,W,W,W,W,W,W,W,W
E,F,F,F,F,F,F,E,F,E,F,F,F,E,F,E,E,E,F,E,F,E,F,F,F,F,E,E,F,F,F,F,E,F,E,E,F,F,F,F,F,E
M,X,X,X,M,X,X,X,X,X,X,X,X,X,X,X,X,X,M,M,X,X,X,X,M,M,X,M,X,M,X,M,X,M,X,M,M,X,X,X,M,X
Y,Y,Y,Y,Y,Y,Y,Y,Y,Y,Y,Y,Y,Y,Y,Y,Y,Y,Y,Y,Y,Y,Y,Y,Y,Y,Y,Y,Y,Y,Y,Y,Y,Y,Y,Y,Y,Y,Y,Y,Y,Y
X,X,X,X,X,X,X,X,X,X,X,X,X,X,X,X,X,X,X,X,X,X,X,X,X,X,X,X,X,X,M,X,X,M,X,X,M,M,M,X,M,M
L,L,L,L,L,L,L,L,L,L,L,L,L,L,L,L,L,L,L,L,L,L,L,L,L,L,L,L,L,E,L,L,L,L,L,L,L,L,L,L,L,L
I,I,I,I,I,I,I,I,I,I,T,I,I,I,I,I,I,I,I,I,I,I,I,I,I,I,I,I,I,I,I,I,I,I,I,I,I,I,I,I,I,I
W,W,W,W,W,W,W,W,W,W,W,W,W,W,W,W,W,W,W,W,W,W,W,W,W,W,W,W,W,W,W,W,W,W,W,W,W,W,W,W,W,W
K,K,K,K,K,K,K,K,K,K,K,K,K,K,K,K,K,K,K,K,K,K,K,K,K,K,K,K,K,K,K,K,K,K,K,K,K,K,K,K,K,K
T,T,T,T,T,T,T,T,T,T,T,T,T,T,T,T,T,T,T,T,T,T,T,I,T,T,T,T,T,T,T,T,T,T,T,T,T,T,T,T,T,T
H,H,H,H,H,H,H,H,H,H,H,H,H,H,H,H,H,H,H,H,H,H,H,H,H,H,H,H,H,H,H,H,H,H,H,H,H,H,H,H,H,H
F,E,F,E,E,E,F,F,F,E,E,F,F,F,F,E,E,F,E,E,E,E,E,E,F,E,E,E,E,E,E,E,E,F,E,F,F,F,E,F,E,E
F,E,K,K,E,E,E,E,F,E,E,K,K,E,E,K,E,K,E,E,K,E,E,E,K,E,E,K,K,E,E,K,E,K,E,K,K,E,F,K,F,E
T,T,T,T,T,T,T,T,T,T,T,T,T,T,T,T,T,T,T,T,T,T,T,T,T,T,T,T,T,T,T,T,T,T,T,I,T,T,T,T,T,T
N,M,N,M,W,W,M,N,F,M,K,E,M,K,E,F,M,M,M,E,M,E,F,M,F,M,K,W,N,A,K,E,F,H,F,F,K,F,M,F,F,E
I,I,I,T,I,T,I,T,I,T,I,T,I,I,I,I,I,I,T,I,I,T,I,T,T,I,I,Y,T,T,I,I,T,I,I,I,T,T,T,I,I,I
E,E,F,N,N,F,E,F,F,E,E,E,E,E,E,E,E,E,N,E,E,F,E,F,F,F,E,F,E,E,E,Z,F,F,F,N,F,F,F,E,F,E
K,K,K,K,K,K,K,K,K,K,K,K,K,K,K,K,K,K,N,K,K,K,K,K,K,K,K,K,K,K,K,K,K,K,K,K,F,K,K,K,K,K
L,N,L,L,L,L,L,L,L,N,L,N,L,N,N,N,N,L,N,N,N,N,N,N,N,L,N,N,N,N,N,N,N,N,N,N,N,N,L,N,N,N
N,E,L,M,F,E,X,M,X,X,K,W,E,K,K,K,F,E,V,X,Z,F,H,E,Z,M,E,F,F,X,X,M,E,M,E,E,N,M,K,V,E,H
Y,Y,Y,Y,Y,Y,Y,Y,Y,Y,Y,Y,Y,Y,Y,Y,Y,Y,Y,Y,Y,Y,Y,Y,Y,Y,Y,Y,Y,Y,Y,Y,Y,Y,Y,Y,Y,Y,Y,Y,Y,Y
F,F,F,E,E,F,F,F,F,E,F,F,F,E,F,F,F,E,F,E,E,E,E,E,E,E,F,E,F,F,F,E,F,F,E,F,F,E,F,E,E,F
K,K,K,K,K,K,K,K,K,K,K,K,K,K,K,K,K,K,K,K,K,K,K,K,K,K,K,K,K,K,K,K,K,K,K,K,K,K,K,K,K,K
Z,Z,Z,Z,Z,Z,Z,Z,Z,Z,Z,Z,Z,Z,Z,Z,Z,Z,Z,Z,Z,Z,Z,Z,Z,Z,Z,Z,Z,Z,Z,Z,Z,Z,Z,Z,Z,Z,Z,Z,Z,Z
N,N,N,N,N,N,N,N,N,N,N,N,N,N,N,M,N,N,E,N,N,L,M,M,N,M,M,M,M,M,N,M,W,M,L,W,W,M,M,W,M,W
T,T,T,T,T,T,T,T,T,T,T,T,I,T,T,T,T,T,T,T,T,T,T,T,T,T,T,T,T,T,T,T,T,T,T,T,T,T,T,T,T,T
Y,Y,Y,Y,Y,Y,Y,Y,Y,Y,Y,Y,Y,Y,Y,Y,Y,Y,Y,Y,Y,Y,Y,Y,Y,Y,Y,Y,Y,Y,Y,Y,Y,Y,Y,Y,Y,Y,Y,Y,Y,Y
T,T,T,T,T,T,T,T,T,T,T,T,T,T,T,T,T,T,T,T,T,T,T,T,T,T,T,T,T,T,T,T,T,T,T,T,T,T,T,T,T,T
Y,Y,Y,Y,Y,Y,Y,Y,Y,Y,Y,Y,Y,Y,Y,Y,M,Y,Y,Y,Y,Y,Y,Y,Y,Y,Y,Y,Y,Y,Y,Y,Y,Y,Y,Y,Y,Y,Y,Y,Y,Y
I,I,I,I,I,I,I,I,I,I,I,I,I,I,I,I,I,I,I,I,I,I,I,I,I,I,I,I,I,I,I,I,I,I,I,I,I,Y,I,I,I,I
I,I,I,I,I,I,I,I,I,I,I,I,I,I,I,I,I,I,I,I,I,I,I,I,I,I,I,I,I,I,I,I,I,I,I,I,I,I,I,I,I,I
I,I,I,I,I,I,I,I,I,I,I,I,I,I,I,I,I,I,I,I,I,I,I,I,I,Y,I,I,I,I,I,I,I,I,I,I,I,I,T,I,I,I
W,N,W,W,W,W,W,W,W,W,W,W,W,W,W,N,N,N,N,N,N,N,N,L,N,N,N,N,N,N,N,N,N,N,N,N,N,N,N,N,N,N
I,I,I,I,I,I,I,I,I,I,I,T,I,I,I,I,I,I,I,I,I,I,I,I,I,I,I,I,I,I,Y,I,I,I,I,I,I,I,I,I,I,I
E,E,F,F,F,E,F,E,E,F,F,E,F,E,E,F,E,E,E,F,E,F,F,E,E,F,F,E,F,E,E,E,E,F,F,F,F,E,F,E,E,E
N,K,N,K,K,M,K,K,K,M,K,N,K,N,K,K,K,M,K,K,W,N,F,W,M,K,M,M,K,W,X,N,W,X,N,M,N,K,N,K,F,F
N,N,N,N,N,N,N,N,N,N,N,N,N,N,N,N,N,N,N,N,N,N,N,N,N,L,N,N,N,N,N,N,N,N,N,N,N,N,N,N,N,E
X,X,X,X,X,X,M,X,X,X,M,X,M,X,X,X,X,X,X,X,X,X,M,X,M,X,M,X,X,X,X,M,X,X,X,X,M,X,M,X,X,X
L,L,L,L,L,L,L,L,L,L,L,L,L,L,L,L,L,L,L,L,L,L,L,L,L,L,L,L,L,L,L,L,L,L,L,L,L,L,L,L,L,L
L,L,E,L,E,E,L,E,L,L,L,L,L,L,L,L,L,L,L,L,W,L,E,L,E,L,L,L,L,L,L,L,E,L,L,L,E,L,L,L,L,L
W,H,W,W,W,K,N,N,N,N,W,M,H,X,X,W,X,A,K,H,H,H,H,X,X,H,H,A,A,V,H,H,A,A,H,H,V,X,H,X,Y,H
H,H,H,H,H,H,H,H,H,H,H,H,H,H,H,H,H,H,H,H,H,H,H,H,H,H,H,H,H,H,H,H,H,H,H,H,H,H,H,H,H,H
A,A,A,A,A,A,A,A,A,A,A,A,A,A,A,A,A,A,A,A,A,A,A,A,A,A,A,A,A,A,A,A,A,A,A,A,A,A,A,A,A,A
W,W,W,W,W,W,W,W,W,W,W,W,W,W,W,W,W,W,W,W,W,W,W,W,W,W,W,W,W,W,W,W,W,W,W,W,W,W,W,W,W,W
T,H,T,T,T,H,H,H,H,H,A,A,A,H,H,A,H,H,H,H,H,A,H,H,H,H,H,H,H,H,N,H,H,A,H,H,H,A,H,H,T,H
Z,Z,Z,Z,Z,Z,Z,Z,Z,Z,Z,Z,Z,Z,Z,Z,Z,Z,Z,Z,Z,Z,Z,Z,Z,Z,Z,Z,Z,Z,Z,Z,Z,Z,Z,Z,Z,Z,Z,Z,Z,Z
T,T,T,T,T,T,T,T,T,T,T,T,T,T,T,T,T,T,T,T,T,T,T,T,T,T,T,T,T,T,T,T,T,T,T,T,T,T,T,T,T,T
H,H,H,H,H,H,H,H,H,H,H,H,H,H,H,H,H,H,H,H,H,H,H,H,H,H,H,E,F,H,H,H,F,H,H,E,H,H,E,E,H,H
L,L,L,L,L,L,L,L,L,L,L,L,L,L,L,L,L,L,L,L,L,L,L,L,L,L,L,L,L,L,L,L,L,L,L,L,L,L,L,L,L,L
H,F,H,H,F,F,E,F,F,H,F,F,F,F,E,F,F,F,F,E,E,E,F,F,F,E,E,E,F,F,E,E,E,E,F,F,F,F,E,F,H,E
Y,Y,Y,Y,Y,Y,Y,Y,Y,Y,Y,Y,Y,Y,Y,Y,Y,Y,Y,Y,Y,Y,Y,Y,Y,Y,Y,Y,Y,Y,Y,Y,Y,Y,Y,Y,Y,Y,Y,Y,Y,Y
H,H,H,H,H,H,H,H,H,H,H,H,H,H,H,H,H,H,H,H,H,H,H,H,H,H,H,H,H,H,H,H,H,H,H,H,H,H,H,H,H,H
H,H,H,H,H,H,H,H,H,H,H,H,H,H,H,H,H,H,H,H,H,H,H,H,H,H,H,H,H,H,H,H,H,H,H,H,H,H,H,H,E,H
E,E,F,E,E,E,E,F,H,F,E,E,E,F,E,F,E,E,E,F,E,E,E,E,F,E,F,E,E,F,E,E,E,E,E,E,E,E,E,E,E,E
E,E,E,E,E,H,E,H,E,E,H,E,H,H,F,H,E,E,E,E,E,E,E,E,E,H,E,E,H,E,H,E,E,E,H,H,E,H,H,E,H,H
Z,X,Z,Z,X,Z,X,X,Z,X,X,X,X,Z,X,X,X,Y,Y,E,Z,Y,X,F,F,V,X,Y,X,F,Y,Y,Y,Y,Y,Y,Y,Y,X,W,V,Y
F,E,E,E,E,F,E,F,E,F,F,E,F,F,E,E,E,E,F,E,F,F,E,F,F,F,E,F,E,E,F,E,E,E,F,E,F,E,F,F,F,F
I,I,I,I,I,I,I,I,I,I,I,I,Y,I,I,I,I,I,I,I,I,I,I,I,I,I,I,I,I,I,I,I,I,I,I,I,I,I,I,I,T,I
M,X,X,M,X,X,X,X,X,X,M,X,X,X,M,M,M,M,M,X,M,M,X,X,M,X,M,X,X,M,M,M,X,X,X,M,X,M,M,X,M,X
T,T,T,T,T,T,T,T,T,T,T,T,T,T,T,T,T,T,T,T,T,T,T,T,T,T,T,T,T,T,T,T,T,T,T,T,T,T,T,T,T,T
N,N,N,N,N,N,N,N,N,N,N,N,N,N,N,N,N,N,N,N,N,N,N,N,N,N,N,N,N,N,N,N,N,N,N,N,N,N,N,N,N,N
V,V,V,V,V,V,V,V,V,V,V,V,V,V,V,V,V,V,V,V,V,V,V,V,V,V,V,V,V,V,V,V,V,V,V,V,V,V,V,V,V,V
V,V,V,V,V,V,V,V,V,V,V,V,V,V,V,V,V,V,V,V,V,V,V,V,V,V,V,V,V,V,V,V,V,V,V,V,V,V,V,V,V,V
L,L,L,L,L,L,L,L,L,L,L,L,L,L,L,L,L,L,L,L,L,L,L,L,L,L,L,L,L,L,L,L,L,L,L,L,L,L,L,L,L,L
Y,Y,Y,Y,Y,Y,Y,Y,Y,Y,Y,Y,Y,Y,Y,Y,Y,Y,Y,Y,Y,Y,Y,Y,Y,Y,Y,Y,Y,Y,Y,T,Y,Y,Y,Y,Y,Y,Y,Y,Y,Y
Z,Z,Z,Z,Z,Z,Z,Z,Z,Z,Z,Z,Z,Z,Z,Z,Z,Z,Z,Z,Z,Z,Z,Z,Z,Z,Z,Z,Z,Z,Z,Z,Z,Z,Z,Z,Z,Z,Z,Z,Z,Z
V,W,V,V,V,V,V,V,V,V,V,V,V,V,V,W,V,W,W,W,V,Y,W,W,W,W,W,W,W,W,W,W,W,W,W,W,W,W,W,W,W,W
E,E,F,E,F,F,F,E,E,F,F,E,F,F,F,F,E,F,F,F,E,E,E,F,E,E,E,F,E,E,E,E,F,F,F,E,F,E,E,E,E,E
X,X,X,X,M,X,X,X,X,X,X,M,M,X,M,M,X,X,X,X,X,X,X,X,X,M,X,M,X,M,M,M,M,Z,X,X,M,X,M,X,X,X
V,W,V,V,V,V,V,V,V,V,L,V,V,V,V,L,W,W,W,V,W,W,W,W,Y,W,W,W,W,W,V,W,W,W,W,W,W,W,H,W,W,W
X,X,X,X,X,X,X,X,X,M,X,X,X,X,X,Z,X,X,X,X,X,X,X,X,X,X,X,X,X,X,X,X,M,M,X,X,M,X,X,X,X,M
H,H,H,H,H,H,H,H,H,H,H,H,H,H,H,H,H,H,H,H,H,H,H,H,H,H,H,H,H,H,H,H,H,H,H,H,H,H,H,H,H,H
L,L,L,L,L,L,L,L,L,L,L,L,L,L,L,L,L,L,L,L,L,L,L,L,L,L,L,L,L,L,L,L,L,L,L,L,L,L,L,L,L,L
V,V,V,V,V,V,V,V,V,V,V,V,V,V,V,V,V,V,V,V,V,V,V,V,V,V,V,V,V,V,V,V,V,V,V,V,V,V,V,V,V,V
F,F,F,F,F,F,F,F,F,F,F,F,F,F,F,F,F,F,F,F,F,F,F,F,F,F,F,F,F,F,F,F,E,F,F,F,F,F,F,F,F,F
M,X,M,X,X,M,X,X,X,X,X,X,M,M,X,X,X,M,X,X,X,X,M,X,X,X,X,M,M,M,X,X,M,M,X,M,Y,X,M,X,X,X
X,I,X,X,V,W,A,I,I,I,I,I,I,V,I,I,I,I,I,I,I,I,I,I,I,I,I,I,I,I,I,I,I,I,I,I,I,I,K,I,I,I
Z,Z,Z,Z,Z,Z,Z,Z,Z,Z,Z,Z,Z,Z,Z,Z,Z,Z,Z,Z,Z,Z,Z,Z,Z,Z,Z,Z,Z,Z,Z,Z,Z,Z,Z,Z,Z,Z,Z,Z,Z,Z
W,W,W,W,W,W,W,W,W,W,W,W,W,W,W,W,W,W,W,W,W,W,W,W,W,W,W,W,W,W,W,W,W,W,W,W,W,W,W,W,W,W
M,M,M,X,M,X,M,M,X,X,M,X,X,X,X,M,M,X,M,M,M,M,M,X,M,N,N,X,M,Y,M,M,X,M,M,X,M,X,M,M,M,X
K,K,K,K,K,K,K,K,K,K,K,K,K,K,K,K,K,K,K,K,K,K,K,K,K,K,K,K,K,K,K,K,K,K,K,K,K,K,K,F,K,K
H,H,H,H,H,H,H,H,H,H,H,H,H,H,H,H,H,H,H,H,H,H,H,H,H,H,H,H,H,H,H,H,H,H,H,H,H,H,H,H,H,H
V,V,V,V,V,V,V,V,V,V,V,V,V,V,V,V,V,V,V,V,V,V,V,V,V,V,V,V,V,V,V,V,V,V,V,V,V,V,V,V,V,V
T,T,T,T,T,T,T,T,T,T,T,T,T,T,T,T,T,T,T,T,T,T,T,T,T,T,T,T,T,T,T,T,T,T,T,T,T,T,T,T,T,I
M,X,X,X,X,X,X,M,X,X,X,X,X,X,M,M,X,M,M,X,X,X,X,X,X,Y,X,X,M,M,X,X,X,M,X,X,X,X,X,X,M,X
T,T,T,T,T,T,T,T,T,T,T,T,T,T,T,T,T,T,T,T,T,T,T,T,T,T,T,T,T,T,T,T,T,T,T,T,T,T,T,T,T,T
X,X,X,X,X,X,X,X,X,X,X,X,X,X,X,X,X,X,M,X,X,X,M,X,X,X,X,X,X,X,X,X,X,X,X,X,X,X,X,X,X,X
E,F,F,F,F,F,F,F,E,F,E,E,F,F,F,F,F,F,F,F,F,E,F,F,E,F,E,E,F,E,F,F,E,F,F,E,E,F,E,F,E,E
Y,Y,Y,Y,Y,Y,Y,Y,Y,Y,Y,Y,Y,Y,Y,Y,Y,Y,Y,Y,Y,Y,Y,Y,Y,Y,Y,Y,Y,Y,Y,Y,Y,Y,Y,Y,Y,Y,Y,Y,Y,Y
V,V,V,V,V,V,V,V,V,V,V,V,V,V,V,V,V,V,V,V,V,V,V,V,V,V,V,V,V,V,V,V,V,V,V,V,V,V,V,V,V,V
H,H,H,H,H,H,H,H,H,H,H,H,H,H,H,H,H,H,H,H,H,H,H,H,H,H,H,H,H,H,H,H,H,H,H,H,H,H,H,H,H,H
K,K,K,K,K,K,K,K,K,K,K,K,F,K,K,K,K,K,K,K,K,K,K,F,K,K,K,K,K,K,K,K,K,K,K,K,K,K,K,K,K,K
X,X,X,M,X,X,M,M,X,X,M,X,X,X,X,M,M,X,M,X,X,M,X,X,M,X,M,X,M,X,X,X,M,M,M,X,X,M,M,M,M,M
H,H,H,H,H,H,H,H,E,F,H,H,H,H,H,H,E,H,H,E,H,H,H,E,E,H,H,E,E,E,H,H,H,H,H,H,H,E,H,E,E,H
A,A,A,A,A,A,A,A,A,A,A,A,A,A,A,A,A,A,A,A,A,A,A,A,A,A,A,A,A,A,A,A,A,A,A,A,A,A,A,A,A,A
N,N,N,N,N,N,N,N,N,N,N,N,N,N,N,N,N,N,N,N,N,N,N,N,N,N,N,N,N,N,N,N,N,N,N,N,N,N,N,N,N,N
K,K,K,K,K,K,K,K,K,K,K,K,K,K,K,K,K,K,K,K,K,K,K,K,K,K,K,K,K,K,K,K,K,K,K,K,K,K,K,K,K,K
V,V,V,V,V,V,V,V,V,V,V,V,V,V,V,V,V,V,V,V,V,V,V,V,V,V,V,V,V,V,V,V,V,V,V,V,V,V,V,V,V,V
Z,Z,Z,Z,Z,Z,Z,Z,Z,Z,Z,Z,Z,Z,Z,Z,Z,Z,Z,Z,Z,Z,Z,Z,Z,Z,Z,Z,Z,Z,Z,Z,Z,Z,Z,Z,Z,Z,Z,Z,Z,Z
Y,Y,Y,Y,Y,Y,Y,Y,Y,Y,Y,Y,Y,Y,Y,Y,Y,M,M,M,M,M,Y,M,M,M,M,M,M,Y,M,V,Y,Y,M,M,M,M,Y,M,M,M
A,A,A,A,A,A,A,A,A,A,A,A,A,A,A,A,A,A,A,A,A,A,A,A,A,A,A,A,A,A,A,A,A,A,A,A,A,A,A,A,A,A
W,W,W,W,W,W,W,W,W,W,W,W,W,W,W,W,W,W,W,W,W,W,W,W,W,W,W,W,W,W,W,W,W,W,W,W,W,W,W,W,W,W
V,V,V,V,V,V,V,V,V,V,V,V,V,V,V,V,V,V,V,V,V,V,V,V,V,V,V,V,V,V,V,V,V,V,V,V,V,V,V,V,V,V
T,T,T,T,T,T,T,T,T,T,T,T,T,T,T,T,T,T,T,T,I,T,T,T,T,T,T,T,T,T,T,T,T,T,T,T,T,T,T,T,T,T
N,W,N,N,M,N,H,W,W,W,W,W,W,N,W,X,W,W,N,W,W,W,N,N,W,W,W,W,W,W,W,W,W,W,W,W,N,N,N,N,W,W
W,W,W,W,W,W,W,W,W,W,W,W,W,W,W,W,W,W,W,W,W,W,W,W,W,W,W,W,W,W,W,W,W,W,W,W,W,W,W,W,W,W
K,K,K,K,K,K,K,F,K,K,K,K,K,K,K,K,K,K,K,K,K,K,K,K,K,K,K,K,K,F,K,F,K,K,K,K,K,K,K,K,K,K
H,H,H,H,H,H,H,H,H,H,H,H,H,H,H,H,H,H,H,H,H,H,H,H,H,H,H,H,H,H,H,H,H,H,H,H,H,H,H,H,H,H
H,H,H,H,H,H,H,H,H,H,H,H,H,H,H,H,H,H,H,H,H,H,H,H,H,H,H,H,H,H,H,H,H,H,H,H,H,H,H,H,H,H
T,T,T,T,T,T,T,T,T,T,T,T,T,T,T,T,T,T,T,T,T,T,T,T,T,T,T,T,T,T,T,T,T,T,T,T,T,T,T,T,T,T
E,E,E,F,E,E,F,F,F,E,F,E,E,F,E,F,E,F,E,E,F,F,E,E,E,F,F,E,E,E,E,E,E,E,F,F,F,E,E,E,E,E
A,A,A,A,A,A,A,A,A,A,A,A,A,A,A,A,A,A,A,A,A,A,A,A,A,A,A,A,A,A,A,A,A,A,A,A,A,A,A,A,A,A
K,K,K,K,K,K,K,K,K,K,K,K,K,F,K,K,K,K,K,K,K,K,K,K,K,K,K,K,K,K,K,K,K,K,F,K,K,K,K,K,K,K
V,V,V,V,V,V,V,V,V,V,V,V,V,V,V,V,V,V,V,V,V,V,V,V,V,V,V,V,V,V,V,V,V,V,V,V,V,V,V,V,V,V
E,F,E,E,E,F,F,F,F,E,F,E,F,E,E,F,F,F,F,F,F,F,F,F,F,F,E,F,F,F,E,E,F,E,E,F,F,F,F,F,E,E
Y,Y,Y,Y,Y,Y,Y,Y,Y,Y,Y,Y,Y,Y,Y,Y,Y,Y,Y,Y,Y,Y,Y,Y,Y,Y,Y,Y,Y,Y,Y,Y,Y,Y,Y,Y,Y,Y,Y,Y,Y,Y
M,X,X,X,X,X,X,X,X,M,X,X,M,X,X,X,M,M,X,X,M,X,X,X,X,M,M,X,X,X,X,X,X,X,X,X,X,X,X,M,X,M
K,K,K,K,F,F,F,K,K,K,K,F,K,K,K,K,K,K,K,K,K,K,K,K,K,K,K,K,K,K,K,K,K,K,K,K,K,K,K,F,K,K
Z,Z,Z,Z,Z,Z,Z,Z,Z,Z,Z,Z,Z,Z,Z,Z,Z,Z,Z,Z,Z,Z,Z,Z,Z,Z,Z,Z,Z,Z,Z,Z,Z,Z,Z,Z,Z,Z,Z,Z,Z,Z
H,H,H,H,H,H,H,H,H,H,H,H,H,H,H,H,H,H,H,H,H,H,H,H,H,H,H,H,H,H,H,H,H,H,H,H,H,H,H,H,H,H
H,H,H,H,H,H,H,H,H,H,H,H,H,H,H,H,H,H,H,H,H,H,H,H,H,H,H,H,H,H,H,H,H,H,H,H,H,H,H,H,H,H
F,F,F,F,F,F,E,F,F,E,F,F,E,E,E,F,F,F,F,F,F,E,E,E,E,E,F,F,E,E,F,F,F,E,F,E,F,F,F,F,E,F
T,T,T,T,T,T,T,T,T,T,T,T,T,T,T,T,T,T,T,T,T,T,T,T,T,T,T,T,T,T,T,T,T,T,T,T,T,T,T,T,T,T
I,I,I,I,I,I,I,I,I,I,I,T,I,I,I,I,I,I,I,I,I,I,I,I,I,I,I,I,I,I,I,I,I,I,I,I,I,I,I,I,I,I
I,I,I,Y,I,Y,I,I,T,I,T,T,I,I,I,I,I,I,I,I,I,I,I,I,T,T,I,I,T,I,T,I,I,I,I,I,I,I,I,T,T,T
X,X,X,X,X,X,X,X,M,X,X,M,X,X,X,X,M,X,X,X,X,X,X,X,X,X,X,X,X,X,X,X,X,X,X,X,X,M,X,X,X,M
H,H,H,H,H,H,H,E,H,H,H,H,H,H,H,E,H,H,H,H,H,H,E,H,H,H,H,H,H,H,E,H,H,H,H,H,H,H,H,H,H,H
F,F,F,F,E,F,F,E,E,F,F,F,E,E,F,E,E,F,E,F,F,F,E,E,F,F,F,E,F,F,E,E,F,F,F,E,F,E,F,E,E,F
T,I,I,I,I,I,I,I,I,I,I,I,I,I,I,I,I,I,I,I,I,I,I,I,I,I,I,I,I,I,I,Y,I,I,I,I,I,I,Y,I,I,I
X,X,X,X,X,X,X,X,X,X,X,X,X,X,X,M,M,N,N,Z,X,N,Z,M,N,Y,W,Y,X,Y,Y,Y,M,A,A,X,Y,Y,Y,Y,A,X
K,K,K,K,K,K,K,K,K,K,K,K,K,K,K,K,K,K,K,K,K,K,K,K,A,K,A,K,H,K,K,K,E,A,K,E,T,A,E,E,K,T
M,X,Y,X,Y,M,X,N,X,X,X,X,M,N,X,X,N,X,N,M,X,Y,X,Y,X,X,N,M,X,X,Y,X,X,A,X,W,X,Y,X,H,X,X
T,T,T,T,T,T,T,T,T,T,T,T,T,T,T,T,T,T,T,T,T,T,T,T,T,T,T,T,I,T,T,T,T,T,T,T,T,T,T,T,T,T
I,I,I,I,I,I,I,I,I,I,I,I,I,I,I,I,I,I,I,I,I,I,I,I,I,I,I,I,I,I,I,I,I,Y,I,I,I,Y,I,I,I,I
Y,M,Y,Y,Y,Y,X,W,M,X,M,X,X,X,X,X,M,M,M,X,M,X,M,M,Y,M,X,M,T,M,M,M,M,M,M,X,M,M,M,M,M,M
W,W,W,W,W,W,W,W,W,W,W,W,W,W,W,W,W,W,W,W,W,W,W,W,W,W,W,W,W,W,W,W,W,W,W,W,W,W,W,W,W,W
Z,Z,Z,Z,Z,Z,Z,Z,Z,Z,Z,Z,Z,Z,Z,Z,Z,Z,Z,Z,Z,Z,Z,Z,Z,Z,Z,Z,Z,Z,Z,Z,Z,Z,Z,Z,Z,Z,Z,Z,Z,Z
A,A,A,A,A,A,A,A,A,A,A,A,A,A,A,A,A,A,A,A,A,A,A,A,A,A,A,A,A,A,A,A,A,A,A,A,A,A,A,A,A,A
V,V,V,V,V,V,V,V,V,V,V,V,V,V,V,V,V,V,V,V,V,V,V,V,V,V,V,V,V,V,V,V,V,V,V,V,V,V,V,V,V,V
V,V,V,V,V,V,V,V,V,V,V,V,V,V,V,V,V,V,V,V,V,V,V,V,V,V,V,V,V,V,V,V,V,V,V,V,V,V,V,V,V,V
F,E,E,F,F,E,F,F,F,E,F,F,F,E,F,E,F,E,F,F,F,E,E,E,E,E,F,E,F,E,F,E,F,E,E,E,F,F,E,E,F,E
F,F,F,F,E,F,F,F,F,F,E,F,F,F,F,F,F,F,F,E,F,F,E,E,F,F,F,F,E,F,E,E,E,F,F,E,F,E,F,F,F,F
A,A,A,A,A,A,A,A,A,A,A,A,A,A,A,A,A,A,A,A,A,A,A,A,A,A,A,A,A,A,A,A,A,A,A,A,A,A,A,A,A,A
M,M,X,M,M,M,M,M,M,M,M,M,M,M,M,M,X,M,M,M,M,M,M,M,M,M,M,M,M,N,M,M,N,N,M,M,M,M,M,M,M,M
X,V,Y,Z,W,T,T,Y,T,Z,W,V,T,W,Z,V,T,V,Y,V,T,V,V,V,V,V,V,V,V,V,V,V,V,V,V,V,T,Y,V,V,V,V
E,F,F,E,E,F,E,F,E,F,E,F,F,F,F,F,F,F,F,F,F,F,E,F,F,F,E,E,E,E,F,E,F,E,F,E,F,E,E,F,F,E
K,K,K,K,K,K,K,K,K,K,K,K,K,N,K,K,K,K,E,K,N,K,F,K,K,K,K,K,K,K,E,K,K,K,K,K,K,F,K,K,N,K
Y,T,Y,Y,Y,X,Y,M,M,M,M,Z,Y,T,Z,Z,T,T,T,T,Y,T,Z,Y,M,Z,M,Y,T,W,X,T,Y,X,H,T,T,V,Y,V,T,X
N,N,N,N,N,N,N,N,N,N,N,N,N,N,N,N,E,N,M,N,N,W,M,M,W,W,W,M,M,M,M,M,W,M,N,W,W,M,M,M,W,M
V,V,V,V,V,V,V,V,V,V,V,V,V,V,V,V,V,V,V,V,V,V,V,V,V,V,V,V,V,V,V,V,V,V,V,V,V,V,V,V,V,V
M,M,M,M,M,M,M,M,M,M,M,M,M,M,M,M,M,M,M,M,M,M,M,M,M,M,M,M,M,M,M,M,M,M,M,M,M,M,M,M,M,M
N,N,N,N,N,N,N,N,N,N,N,N,N,N,N,N,N,N,N,N,L,N,N,N,N,N,N,N,N,N,N,N,N,N,N,N,N,N,M,N,N,N
X,M,X,X,X,M,M,X,M,X,X,M,X,X,X,M,M,M,M,X,M,M,X,M,X,X,M,M,X,M,X,X,M,X,X,M,X,M,M,M,M,M
V,V,V,V,V,V,V,V,V,V,V,V,V,V,V,V,V,V,V,V,V,V,V,V,V,V,V,V,V,V,V,V,V,V,V,V,V,V,V,V,V,V
F,E,F,F,E,H,F,E,E,E,E,F,F,E,E,F,F,E,F,F,E,F,F,F,E,E,E,F,E,F,F,E,E,E,E,F,E,E,F,F,E,F
V,V,V,V,V,V,V,V,V,V,V,V,V,V,V,V,V,V,V,V,V,V,V,V,V,V,V,V,V,V,V,V,V,V,V,V,V,V,V,V,V,V
F,F,F,E,E,F,F,E,F,F,F,F,F,F,F,E,E,E,F,F,F,E,F,E,E,F,E,E,F,E,F,E,F,F,E,F,F,E,F,F,E,E
Z,Z,Z,Z,Z,Z,V,E,X,Z,Z,W,Z,Z,Z,Z,Z,Z,Z,Z,Z,Z,Z,T,Z,N,X,Z,Z,Z,Z,Z,Z,Z,Z,Z,Z,Z,Z,Z,Z,Z
V,W,V,V,V,V,V,V,V,V,V,V,V,V,W,Y,W,V,V,W,W,W,W,W,W,W,W,W,V,W,W,W,W,W,W,W,W,W,V,V,W,L
N,N,N,N,N,N,N,N,N,N,N,N,N,N,N,N,N,N,N,N,N,N,N,N,N,N,N,N,N,N,N,N,N,N,N,N,N,N,N,N,N,N
M,X,M,X,X,X,M,X,X,M,M,X,X,M,M,X,X,M,X,M,X,M,X,M,M,M,X,X,X,X,X,X,M,X,M,X,X,M,M,M,X,X
A,A,A,A,A,A,A,A,A,A,A,A,A,A,A,A,A,A,A,A,A,A,A,A,A,A,A,A,A,A,A,A,A,A,A,A,A,A,A,A,A,A
H,H,H,H,H,H,H,H,H,H,H,H,H,H,H,H,H,H,H,H,H,H,H,H,H,H,H,H,H,H,H,H,H,H,H,H,H,H,H,H,H,H
A,A,A,A,A,A,A,A,A,A,A,A,A,A,A,A,A,A,A,A,A,A,A,A,A,A,A,A,A,A,A,A,A,A,A,A,A,A,A,A,A,A
K,K,K,K,K,K,K,K,K,K,K,K,K,K,K,K,K,K,A,K,K,A,A,H,K,E,A,E,E,A,E,E,K,E,H,F,E,E,K,K,E,H
M,X,X,X,X,X,M,M,X,M,M,M,X,X,M,X,X,M,X,M,M,X,M,X,X,X,M,X,X,X,X,X,M,X,X,M,X,M,M,X,X,X
N,N,N,N,N,N,N,N,N,N,N,N,N,N,N,N,N,N,N,N,N,N,N,N,N,N,N,N,N,N,N,N,N,N,N,N,N,N,L,N,N,N
E,F,F,F,F,F,E,F,F,F,E,E,F,E,F,F,F,E,F,F,E,F,F,F,E,E,F,F,F,E,E,F,E,E,E,E,F,E,F,F,F,E
Y,Y,Y,Y,Y,Y,Y,Y,Y,Y,Y,Y,Y,M,M,Y,Y,Y,Y,Y,Y,Y,M,Y,Y,M,Y,Y,Y,M,M,Y,M,Y,M,Y,M,Y,M,Y,M,Y
K,K,K,K,K,K,K,K,K,K,K,K,K,K,K,K,K,K,K,K,K,K,K,K,K,K,K,K,K,K,K,K,K,K,K,K,K,K,K,K,K,K
W,W,W,W,W,W,W,W,W,W,W,W,W,W,W,W,W,W,W,W,W,W,W,W,W,W,W,W,W,W,W,W,W,W,W,W,W,W,W,W,W,W
F,E,E,F,K,E,E,E,K,K,F,E,F,K,K,F,E,K,E,K,K,K,F,F,E,E,E,F,E,E,K,K,K,E,F,E,K,K,F,F,E,E
W,N,W,W,W,W,W,W,W,W,W,W,W,W,W,N,W,W,W,N,N,N,N,N,N,N,N,N,N,N,N,N,N,N,N,N,N,N,N,N,N,N
F,F,F,F,F,F,F,F,F,F,F,F,F,F,F,F,F,F,F,F,F,F,F,F,F,F,F,F,F,F,F,F,F,F,F,F,F,F,F,E,F,F
Y,Y,Y,Y,Y,Y,Y,Y,Y,Y,Y,Y,Y,Y,Y,Y,Y,Y,Y,Y,Y,Y,Y,Y,Y,Y,Y,Y,Y,Y,Y,Y,Y,Y,Y,Y,Y,Y,Y,Y,Y,Y
E,F,F,F,F,E,E,E,F,F,F,F,F,F,F,F,E,F,E,F,F,F,E,F,E,E,F,F,E,E,F,F,E,F,F,E,E,E,F,F,F,E
V,V,V,V,V,V,V,V,V,V,V,V,V,V,V,V,V,V,V,V,V,V,V,V,V,V,V,V,V,V,V,V,V,V,V,V,V,V,V,V,V,V
I,I,I,I,I,I,I,I,I,I,I,I,I,I,I,I,I,I,I,I,I,I,I,I,I,I,I,I,I,I,I,I,I,I,I,I,I,I,I,I,I,I
X,M,X,M,M,M,M,X,M,X,M,M,M,M,M,M,X,M,X,X,X,M,X,X,M,X,M,M,X,X,X,X,M,X,M,M,X,X,M,X,X,M
F,F,F,E,E,F,F,F,F,F,E,E,F,F,F,F,F,E,F,E,E,F,F,F,F,F,F,F,F,F,E,E,F,F,F,F,F,F,F,E,F,E
V,V,V,V,V,V,V,V,V,V,V,V,V,V,V,V,V,V,V,V,V,V,V,V,V,V,V,V,V,V,V,V,V,V,V,V,V,V,V,V,V,V
X,X,X,X,X,X,X,X,X,X,X,X,X,X,X,X,X,X,X,X,X,X,X,X,X,X,X,X,X,X,X,X,X,X,X,X,X,X,X,X,X,X
X,X,X,X,X,X,X,M,X,X,X,X,X,X,X,X,M,X,X,X,X,X,X,X,X,M,M,M,X,X,M,X,X,M,X,X,X,X,X,X,X,X
X,X,X,X,M,X,X,M,M,X,X,X,X,X,X,X,M,X,M,X,M,M,M,X,X,X,X,X,X,X,X,X,M,X,M,M,X,Z,X,X,M,M
Y,Y,Y,Y,Y,Y,Y,Y,Y,Y,Y,Y,Y,Y,Y,Y,Y,Y,Y,Y,Y,Y,Y,Y,Y,Y,Y,Y,Y,Y,Y,Y,Y,Y,Y,Y,Y,Y,Y,Y,Y,Y
L,L,L,L,L,L,N,L,L,L,L,L,L,E,L,L,N,L,M,L,L,L,L,L,L,L,L,L,L,L,L,L,L,L,L,Z,L,L,L,L,L,L
L,L,L,L,L,L,E,L,L,L,L,L,L,L,L,L,L,L,L,L,L,L,L,L,L,L,L,L,L,L,L,L,L,L,L,L,L,L,L,L,E,L
N,N,N,N,N,N,N,N,N,N,N,N,N,N,N,N,N,N,W,M,M,W,W,M,N,M,M,W,W,W,M,M,W,W,W,M,M,W,M,M,W,M
Z,Z,Z,Z,Z,Z,Z,Z,Z,Z,Z,Z,Z,Z,Z,Z,Z,Z,Z,Z,Y,Z,Z,Z,Z,Y,Z,T,N,T,T,T,T,T,T,T,T,T,T,T,T,T
A,A,A,A,A,A,A,A,A,A,A,A,A,A,A,A,A,A,A,A,A,A,A,A,A,A,A,A,A,A,A,A,A,A,A,A,A,A,A,A,A,A
X,X,X,X,X,X,X,X,X,X,X,X,X,X,X,X,X,X,X,X,X,X,X,X,X,Z,X,X,X,X,X,X,X,X,X,X,X,X,X,X,X,X
F,T,T,T,E,F,T,Z,Z,M,T,T,M,V,I,I,Y,I,I,V,T,V,I,T,I,T,T,T,T,Y,I,I,T,I,M,I,Y,T,I,Y,I,T
Z,Z,Z,Z,Z,Z,Z,Z,Z,Z,Z,Z,Z,Z,Z,Z,Z,Z,Z,Z,Z,Z,Z,Z,Z,Z,Z,Z,Z,Z,Z,Z,Z,Z,Z,Z,Z,Z,Z,Z,Z,Z
Z,Z,Z,Z,Z,Z,Z,Z,Z,Z,Z,Z,Z,Z,Z,Z,Z,Z,Z,Z,Z,Z,Z,Z,Z,Z,Z,Z,Z,Z,Z,Z,Z,Z,Z,Z,Z,Z,Z,Z,Z,Z
V,V,V,V,V,V,V,V,V,V,V,V,V,V,V,V,V,V,V,V,V,V,V,V,V,V,V,V,V,V,V,V,V,V,V,V,V,V,V,V,V,V
X,X,X,X,X,X,X,M,X,M,M,M,X,X,X,X,X,X,X,X,M,X,X,X,X,X,X,X,M,X,X,X,M,X,X,X,X,X,M,M,X,M
K,K,K,K,K,K,K,K,K,K,K,K,K,K,K,K,K,K,K,K,K,K,K,K,K,K,K,K,K,K,K,K,K,K,K,K,K,K,K,K,K,K
Y,Y,Y,Y,Y,Y,Y,Y,Y,X,Y,M,Y,Y,Y,Y,Y,Y,Y,Y,Y,Y,Y,V,V,N,V,Y,Y,Y,Y,Y,N,Y,X,X,X,Y,Y,Y,Y,Y
T,T,T,T,T,T,T,T,T,T,T,T,T,T,T,T,T,T,T,T,T,T,T,T,T,F,T,T,T,H,H,F,K,T,T,H,T,H,F,H,H,H
W,W,W,W,W,W,W,W,W,W,W,W,W,W,W,W,W,W,W,W,W,W,W,W,W,W,W,W,W,W,W,W,W,W,W,W,W,W,W,W,W,W
V,V,V,V,V,V,V,V,V,V,V,V,V,V,V,V,V,V,V,V,V,V,V,V,V,V,V,V,V,V,V,V,V,V,V,V,V,V,V,V,V,V
Y,Y,Y,Y,Y,Y,Y,Y,Y,Y,Y,Y,Y,Y,Y,Y,Y,Y,Y,Y,Y,Y,Y,Y,Y,Y,Y,Y,Y,Y,Y,Y,Y,Y,Y,Y,Y,Y,Y,Y,Y,Y
I,I,I,I,I,I,I,I,I,I,I,I,I,I,I,I,I,I,I,I,I,I,I,I,Y,I,I,I,I,I,I,I,I,I,I,I,I,I,I,I,I,I
M,X,X,X,X,X,X,X,X,X,X,X,X,X,M,X,X,X,X,M,X,X,X,X,M,X,X,X,X,M,X,M,X,X,X,X,M,X,M,M,X,M
I,I,I,I,I,I,I,I,I,T,I,I,I,I,I,I,I,I,I,I,I,I,I,I,I,Y,I,I,I,I,I,I,I,I,I,I,I,I,I,I,I,I
N,W,T,N,N,N,M,N,N,E,N,W,M,M,W,W,W,M,W,W,N,T,T,W,W,W,T,M,M,T,M,T,W,T,W,T,W,T,T,W,M,T
H,H,H,H,H,H,H,H,H,H,H,H,H,H,H,H,H,H,H,H,H,H,H,H,H,H,H,H,H,H,H,H,H,A,E,H,H,E,H,E,A,E
V,V,V,V,V,V,V,V,V,V,V,V,V,V,V,V,V,V,V,V,V,V,V,V,V,V,V,V,V,V,V,V,V,V,V,V,V,V,V,V,V,V
T,T,T,T,T,T,T,T,T,T,T,T,T,T,T,T,T,T,T,T,T,T,T,T,T,T,T,T,T,T,T,T,T,T,T,T,T,T,T,T,T,T
X,X,X,X,X,X,X,X,X,X,X,X,X,X,X,X,X,X,X,X,X,X,X,X,X,X,X,X,X,X,X,X,X,X,X,X,X,X,X,X,X,X
W,W,W,W,W,W,W,W,W,W,N,N,N,W,W,N,W,N,E,W,F,F,N,W,H,H,F,N,N,W,N,N,W,H,N,N,H,N,H,W,V,N
Z,Z,Z,Z,Z,Z,Z,Z,Z,Z,Z,Z,Z,Z,Z,Z,Z,Z,Z,Z,Z,Y,Z,Z,H,H,H,H,F,F,F,F,L,F,L,L,L,F,F,F,F,F
E,E,E,E,F,F,E,F,E,F,E,F,E,E,F,F,E,E,F,E,F,E,E,E,F,E,F,F,E,F,F,F,E,F,E,F,F,E,F,F,E,E
N,N,N,N,N,N,N,N,N,N,N,N,N,N,N,N,N,N,N,N,N,N,N,N,N,N,N,N,N,N,N,N,N,N,N,N,N,N,N,N,N,N
I,I,I,I,I,I,I,I,I,I,I,I,I,I,I,I,I,I,I,I,I,I,I,I,I,I,I,I,I,I,I,I,I,I,I,I,I,I,I,I,I,I
K,K,K,K,K,K,K,K,K,K,K,K,K,K,K,K,K,K,K,K,K,K,K,K,K,K,N,K,K,K,K,K,K,K,K,K,K,K,K,K,K,K
K,K,K,K,K,K,K,K,K,K,K,K,K,K,K,K,K,K,K,K,K,K,K,K,K,K,K,K,K,K,K,K,K,K,K,K,K,K,K,K,K,K
E,E,E,F,F,E,F,F,E,F,F,F,E,E,E,F,F,F,E,F,E,E,E,E,E,F,F,E,F,E,E,E,E,F,E,E,E,F,E,E,F,E
Y,Y,Y,Y,Y,Y,Y,Y,Y,Y,Y,Y,Y,Y,Y,Y,Y,Y,Y,Y,Y,Y,Y,Y,Y,Y,Y,Y,Y,Y,Y,Y,Y,Y,Y,Y,Y,Y,Y,Y,Y,Y
L,L,L,L,L,L,E,L,L,L,L,L,L,L,L,L,L,L,L,L,L,L,L,L,L,L,L,L,L,L,L,L,L,N,L,L,L,L,L,L,L,L
K,K,K,K,K,K,K,K,K,K,K,K,K,K,K,K,K,K,K,K,K,K,K,K,K,K,K,K,K,K,K,K,K,K,K,K,K,K,K,K,K,K
E,E,E,F,E,F,H,F,H,E,E,E,E,E,E,E,E,E,E,H,E,E,E,E,E,E,E,E,E,E,H,E,E,E,H,E,E,E,E,E,E,E
A,A,A,A,A,A,A,A,A,A,A,A,A,A,A,A,A,A,A,A,A,A,A,A,A,A,A,A,A,A,A,A,A,A,A,A,A,A,A,A,A,A
N,N,N,N,N,N,N,N,N,N,N,N,N,N,N,N,N,N,N,N,N,N,N,N,N,N,N,N,N,N,N,N,N,N,N,N,N,N,N,N,N,N
H,H,H,H,H,H,H,H,H,H,H,H,H,H,H,H,H,H,H,H,H,H,H,H,H,H,H,H,H,H,H,H,H,H,H,H,H,H,H,H,H,H
Y,Y,Y,Y,Y,Y,Y,Y,Y,Y,Y,Y,Y,Y,Y,Y,Y,Y,Y,Y,Y,Y,Y,Y,Y,Y,Y,Y,Y,Y,Y,Y,Y,Y,Y,Y,Y,Y,Y,Y,Y,Y
T,T,T,T,T,T,T,T,T,T,T,T,T,T,T,T,T,T,T,T,T,T,T,T,T,T,T,T,T,I,T,T,T,T,T,T,T,T,T,T,T,T
K,K,K,K,K,K,K,K,K,K,K,K,K,K,K,K,K,K,K,N,K,K,K,K,K,K,K,K,K,K,K,K,K,K,K,K,K,K,K,K,K,K
X,X,X,X,X,X,X,X,X,X,X,X,X,X,Z,Z,X,X,X,X,M,X,X,X,Z,X,N,X,Z,M,M,N,N,Z,X,M,M,X,M,M,X,M
X,X,X,X,X,X,M,M,X,M,X,X,M,X,X,X,M,X,X,X,X,X,X,X,M,X,X,M,X,M,M,X,X,X,X,M,X,X,M,X,Z,X
V,V,V,V,V,V,V,V,V,V,V,V,V,V,V,V,V,V,V,V,V,V,V,V,V,V,V,V,V,V,V,V,V,V,V,V,V,V,V,V,V,V
H,H,H,H,H,H,H,H,H,H,H,H,H,H,H,H,H,H,H,H,H,H,H,H,H,H,H,H,H,H,H,H,H,H,H,H,H,H,H,H,H,H
X,X,X,X,Z,X,X,X,X,X,X,X,X,X,X,X,X,X,X,M,X,M,X,X,M,X,X,X,M,M,M,X,X,X,X,X,X,M,M,X,X,X
T,T,T,T,T,T,T,T,T,T,T,T,T,T,T,T,T,T,T,T,T,T,T,T,T,T,T,T,T,T,T,T,T,T,T,T,T,T,T,T,T,T
V,V,V,V,V,V,V,V,V,V,V,V,V,V,V,V,Y,V,Y,W,T,K,T,T,W,Y,T,Y,T,T,T,T,W,Y,V,T,T,T,T,Y,K,W
E,F,F,E,F,E,E,F,F,E,F,F,E,F,E,E,F,E,E,F,E,F,E,E,F,E,E,F,F,F,F,E,E,F,F,E,E,E,F,E,F,F
Y,Y,Y,Y,Y,Y,Y,Y,Y,I,Y,Y,Y,Y,Y,Y,Y,Y,Y,Y,Y,Y,Y,Y,Y,Y,Y,Y,Y,Y,Y,Y,Y,Y,Y,Y,Y,Y,Y,Y,Y,Y
A,A,A,A,A,A,A,A,A,A,A,A,A,A,A,A,A,A,A,A,A,A,A,A,A,A,A,A,A,A,A,A,A,A,A,A,A,A,A,A,A,A
M,X,X,X,X,X,X,X,X,X,X,X,X,X,M,X,X,X,X,X,X,M,M,X,X,X,X,X,X,M,X,M,X,M,X,M,X,M,X,X,X,M
F,F,F,E,F,F,E,E,F,E,F,E,F,F,F,E,F,F,F,F,E,F,F,F,E,F,F,E,E,E,F,E,F,F,E,E,E,E,F,F,F,F
M,M,X,X,M,X,X,N,X,X,X,M,M,M,X,M,X,M,M,M,M,M,M,X,X,X,M,X,M,X,N,X,M,M,M,M,M,X,M,X,M,M
X,X,X,X,X,X,X,M,X,X,X,X,X,X,X,M,X,X,X,M,X,M,X,X,X,X,X,M,M,X,Z,M,X,X,X,X,X,X,X,X,X,X
F,F,F,F,F,F,F,F,F,E,F,F,F,F,F,E,F,F,F,F,E,F,F,F,F,E,F,F,E,F,F,F,F,F,F,F,E,F,E,F,F,F
T,T,Z,T,F,I,I,Y,I,I,I,T,K,I,T,T,T,T,T,T,T,T,T,T,T,T,T,T,T,T,T,T,T,T,T,T,T,T,T,T,T,T
T,T,T,T,T,T,T,T,T,T,T,T,T,T,T,T,T,T,T,T,T,T,T,T,T,T,T,T,T,T,T,T,T,T,T,T,T,T,T,T,T,T
M,M,M,M,M,M,M,M,M,M,M,M,M,M,M,N,M,N,M,E,N,E,M,N,N,N,N,M,H,H,M,M,X,N,M,M,M,M,M,H,H,X
X,X,X,X,X,X,X,X,X,X,X,X,M,X,M,M,X,M,X,X,X,X,Z,X,X,X,X,X,X,X,X,M,X,X,X,X,X,X,X,Z,X,X
W,W,W,W,W,W,W,W,W,W,W,W,W,W,W,W,W,W,W,W,W,W,W,W,W,W,W,W,W,W,W,W,W,W,W,W,W,W,W,W,W,W
L,L,L,L,L,L,L,L,L,L,L,L,L,L,L,L,L,L,L,L,E,L,L,L,L,L,L,L,L,L,L,L,L,L,L,L,L,L,L,L,L,L
Z,X,X,X,Z,X,X,X,X,X,X,X,X,X,X,X,X,X,X,X,X,X,Z,X,X,X,X,X,X,X,X,X,X,X,X,X,X,X,X,X,X,X
T,T,T,T,T,T,T,T,T,T,T,T,T,T,T,T,T,T,T,T,T,T,T,T,T,T,T,T,T,T,T,T,T,T,T,T,T,T,T,T,T,T
I,I,I,I,I,I,I,I,I,I,I,I,I,I,I,I,I,I,I,I,I,I,I,I,I,I,I,I,I,I,I,I,I,I,I,I,I,I,I,I,I,I
H,H,H,H,H,H,H,H,H,H,H,H,H,H,H,H,H,H,H,H,H,H,H,H,H,H,H,H,H,H,H,H,H,H,H,H,H,H,H,H,H,H
T,T,T,T,T,T,T,T,T,T,T,T,T,T,T,T,T,T,T,T,T,T,T,T,T,T,T,T,T,T,T,T,T,T,T,T,T,T,T,T,T,T
T,T,T,T,T,T,T,T,T,T,T,T,T,T,T,T,T,T,T,T,T,T,T,T,T,T,T,T,T,T,T,T,T,T,T,T,T,T,T,T,T,T
V,V,V,V,V,V,V,V,V,V,V,V,V,V,V,V,V,V,V,V,V,V,V,V,V,V,V,V,V,V,V,V,V,V,V,V,V,V,V,V,V,V
A,A,A,A,A,A,A,A,A,A,A,A,A,A,A,A,A,A,A,A,A,A,A,A,A,A,A,A,A,A,A,A,A,A,A,A,A,A,A,A,A,A
T,T,T,T,T,T,T,T,T,T,T,T,T,T,T,T,T,T,T,T,T,T,T,T,T,T,T,T,T,T,T,T,T,T,T,T,T,T,I,T,T,T
W,N,W,W,W,W,W,W,W,W,W,W,W,W,W,N,N,N,N,N,N,N,N,N,W,N,N,N,N,N,N,N,N,N,N,N,N,N,N,N,N,N
Y,Y,Y,Y,Y,Y,Y,Y,Y,Y,Y,Y,Y,Y,Y,Y,Y,Y,Y,Y,Y,Y,Y,Y,Y,Y,Y,Y,Y,Y,Y,Y,Y,Y,Y,Y,Y,Y,Y,Y,Y,Y
W,W,W,W,W,W,W,W,W,W,W,W,W,W,W,W,W,W,W,W,W,W,W,W,W,W,W,W,W,W,W,W,W,N,W,W,W,W,W,W,W,W
L,L,L,L,E,L,L,L,L,L,L,L,L,L,L,L,L,N,L,L,L,L,L,L,L,L,L,L,L,L,L,L,L,L,L,L,L,L,L,L,L,L
X,A,X,X,Z,M,Z,N,X,N,X,N,Z,N,X,X,A,N,A,A,A,A,A,A,A,W,A,E,A,X,A,K,A,A,A,H,T,A,H,A,H,K
M,X,X,M,X,X,X,X,X,M,M,X,X,X,X,M,X,M,X,X,M,M,X,M,X,X,M,X,X,M,X,X,M,X,M,X,X,X,M,M,X,M
A,A,A,A,A,A,A,A,A,A,A,A,A,A,A,A,A,A,A,A,A,A,A,A,A,A,A,A,A,A,A,A,A,A,A,A,A,A,A,A,A,A
H,H,H,H,H,H,H,H,H,H,H,H,H,H,H,H,H,H,H,H,H,E,H,H,H,H,H,H,E,H,H,H,H,H,H,H,E,H,H,H,E,E
A,A,A,A,A,A,A,A,A,A,A,A,A,A,A,A,A,A,A,A,A,A,A,A,A,A,A,A,A,A,A,A,A,A,A,A,A,A,A,A,A,A
H,H,H,H,H,H,H,H,H,H,H,H,H,H,H,H,H,H,H,H,H,H,H,H,H,H,H,H,H,H,H,H,H,H,H,H,H,H,H,H,H,H
H,H,H,H,H,H,H,H,H,H,H,H,H,H,H,H,H,H,H,H,H,H,H,H,H,H,H,H,H,H,H,H,H,H,H,H,H,H,H,H,H,H
X,X,X,X,M,X,X,X,X,X,X,X,X,X,M,X,X,X,X,X,X,X,X,X,X,X,X,X,M,X,M,X,M,X,M,X,X,X,M,M,M,X
W,W,W,W,W,W,W,W,W,W,W,W,W,W,W,W,W,W,W,W,W,W,W,W,W,W,W,W,W,W,W,W,W,W,W,W,W,W,W,W,W,W
X,X,X,M,X,X,X,X,X,X,X,M,X,X,M,X,M,M,X,M,X,X,M,X,X,M,M,M,X,M,X,M,X,M,X,M,X,X,X,M,M,M
N,N,N,N,N,N,N,N,N,N,N,N,N,N,N,N,N,N,N,N,N,N,N,N,N,N,N,N,N,N,N,N,N,N,N,N,N,N,N,N,N,N
T,T,T,T,T,T,T,T,T,T,T,T,T,T,T,T,T,T,I,T,T,T,T,T,T,T,T,T,T,T,T,T,T,T,T,T,T,T,T,T,T,T
I,I,I,I,I,I,I,I,I,I,I,I,I,I,I,I,I,I,I,I,I,I,I,I,I,I,I,I,I,I,I,I,I,I,I,I,I,I,I,I,I,I
E,A,E,E,E,F,E,F,F,E,F,E,E,H,H,A,A,A,A,E,F,F,A,E,A,A,A,A,A,H,A,A,A,A,K,A,A,A,A,F,A,E
W,V,W,W,L,E,E,N,E,N,N,A,N,V,E,W,M,V,V,E,V,E,E,V,V,V,V,E,V,V,M,V,V,V,V,X,V,V,V,V,V,V
E,E,E,H,F,E,F,E,E,F,E,F,E,E,F,E,F,F,F,E,E,F,H,F,F,H,H,E,H,F,E,F,E,H,E,E,F,E,E,E,E,F
M,X,X,X,X,X,X,X,X,X,M,X,M,X,M,X,X,X,X,M,X,M,X,X,X,M,X,M,X,X,M,X,X,X,X,X,M,X,M,M,X,M
W,W,W,W,W,W,W,W,W,W,W,W,W,W,W,W,W,W,W,W,W,W,W,W,W,W,W,W,W,W,W,W,W,W,L,W,W,W,W,W,W,L
X,X,Z,X,X,X,X,X,X,X,X,Z,X,X,X,X,X,X,X,M,X,X,X,M,M,X,X,Z,M,X,X,X,X,M,X,Y,N,Y,X,X,M,N
N,N,N,N,N,N,N,N,N,N,N,N,N,N,N,N,W,W,W,N,N,W,W,W,W,H,W,E,M,W,N,N,N,W,W,W,W,M,W,W,W,W
K,K,K,K,K,K,K,K,K,K,K,K,K,K,K,K,K,K,K,K,K,K,K,K,K,K,K,K,K,K,K,K,K,K,K,K,K,K,K,K,K,K
N,N,N,N,N,N,N,N,N,N,N,N,N,N,N,N,N,N,N,N,M,N,N,N,N,N,N,N,N,N,N,N,N,N,N,N,N,N,N,N,N,N
I,I,I,I,I,I,I,I,T,I,I,I,I,I,I,I,I,I,I,I,I,I,I,I,I,Y,I,I,I,I,I,I,I,I,I,I,I,I,I,I,I,I
X,X,X,X,X,M,X,X,M,X,X,X,X,M,M,M,M,X,M,X,X,X,X,X,M,M,X,X,X,X,M,X,X,X,M,X,X,X,X,X,X,X
A,A,A,A,A,A,A,A,A,A,A,A,A,A,A,A,A,A,A,A,A,A,A,A,A,A,A,A,A,A,A,A,A,A,A,A,A,A,A,A,A,A
W,W,W,W,W,W,W,W,W,W,W,W,W,W,W,W,W,W,W,W,W,W,W,W,W,W,W,W,W,W,W,W,W,W,W,W,W,W,W,W,W,W
L,L,L,L,L,L,L,L,L,L,L,L,L,L,L,L,L,E,L,L,L,L,L,L,L,L,L,L,L,L,L,L,L,L,L,L,L,L,L,L,L,L
A,A,A,A,A,A,A,A,A,A,A,A,A,A,A,A,A,A,A,A,A,A,A,A,A,A,A,A,A,A,A,A,A,A,A,A,A,A,A,A,A,A
L,L,L,L,L,L,L,L,L,L,L,L,L,L,L,L,L,L,L,L,L,L,L,L,L,L,L,L,L,L,L,L,L,L,L,L,L,L,L,L,L,L
A,A,A,A,A,A,A,A,A,A,A,A,A,A,A,A,A,A,A,A,A,A,A,A,A,A,A,A,A,A,A,A,A,A,A,A,A,A,A,A,A,A
K,F,K,K,K,K,K,K,F,F,K,K,F,K,K,F,F,F,K,F,K,K,K,F,K,F,F,F,F,F,F,F,F,F,F,F,F,F,K,F,F,K
E,E,F,E,F,E,F,F,E,F,E,E,E,F,F,F,E,H,H,H,H,H,F,H,H,F,H,E,E,H,H,E,E,F,E,E,E,E,E,E,H,E
F,F,F,F,F,F,F,F,F,E,F,E,F,F,F,F,F,F,F,E,F,F,F,F,E,E,F,F,E,E,E,F,F,E,E,E,E,E,E,E,E,E
L,L,L,L,L,L,L,L,L,L,L,L,L,L,L,E,L,L,L,L,L,L,L,L,L,L,L,L,L,L,L,L,L,L,L,L,L,L,L,L,L,L
K,K,K,K,K,K,K,K,K,K,K,F,K,F,K,K,K,K,K,K,K,K,K,K,K,K,K,K,K,K,K,F,F,K,K,K,K,K,K,K,K,K
A,A,A,A,A,A,A,A,A,A,A,A,A,A,A,A,A,A,A,A,A,A,A,A,A,A,A,A,A,A,A,A,A,A,A,A,A,A,A,A,A,A
W,W,W,W,W,W,W,W,W,W,W,W,W,W,W,W,W,W,W,W,W,W,W,W,W,W,W,W,W,W,W,W,W,W,W,W,W,W,W,W,W,W
L,L,L,L,L,L,L,L,L,L,L,L,L,L,L,L,L,L,L,L,L,L,L,L,L,L,L,L,L,L,L,L,L,L,L,L,L,E,L,L,L,L
F,F,F,F,F,F,F,F,F,F,F,F,F,F,F,F,E,F,E,F,F,F,E,F,F,E,F,F,F,F,F,E,F,F,F,F,F,F,F,F,F,E
I,I,I,I,I,I,I,I,I,I,I,I,I,I,I,I,I,I,I,I,I,I,I,I,I,I,I,I,I,I,I,I,I,I,I,I,I,I,I,I,I,I
E,E,F,E,E,F,E,E,F,F,E,F,E,E,E,E,F,E,F,E,F,F,E,E,E,E,F,E,E,E,E,E,E,F,E,E,E,F,F,F,E,E
L,L,L,L,L,L,L,L,L,L,L,L,L,L,L,L,L,L,L,L,L,L,L,L,L,L,L,L,L,L,L,L,L,L,L,L,L,L,L,L,L,L
Z,Z,X,Z,Z,Z,Z,Z,Z,Z,Z,Z,Z,Z,X,Z,Z,Z,Z,X,Z,Z,Z,X,Y,Z,E,X,Z,Z,X,X,A,X,Y,Y,A,A,X,X,A,A
E,F,F,F,F,F,F,F,F,E,F,F,F,E,F,F,E,F,E,F,F,F,F,F,F,E,F,F,F,F,F,F,F,F,F,F,F,F,E,E,E,F
